exterior_color,interior_color,drivetrain,MPG,fuel_type,transmission,engine,VIN,stock,mileage,names,description,prices
Summit White,Black,Four-wheel Drive,–,Gasoline,6-Speed Automatic,6.6L V8 16V GDI OHV,2GC4YME79P1731662,C3131,3 mi.,2023 Chevrolet Silverado 2500 Custom,"2023 Chevrolet Silverado 2500HD Custom 4D Crew Cab 6.6L V8 4WD 6-Speed Automatic, 4WD, Black Cloth.","$54,865"
Midnight Emerald,Saddle,All-wheel Drive,–,Hybrid,8-Speed Automatic,3.0L V6 24V GDI DOHC Turbo Hybrid,SJAAT2ZV7PC019709,23B6205,797 mi.,2023 Bentley Bentayga Hybrid Azure,"Bentley Beverly Hills is proud to present this 2023 Bentley Bentayga Azure in Midnight Emerald and Saddle. Bentley Beverly Hills is part of O'Gara Coach Company, the leading Factory Authorized Dealer for Aston Martin, Automobili Pininfarina, Bentley, Bugatti, Koenigsegg, Lamborghini, McLaren, Rimac …","$246,150"
Lunar Silver Metallic,Black,FWD,–,Hybrid,Automatic CVT,2.0L I4 16V GDI DOHC Hybrid,2HKRS5H50PH714500,STK714500,2 mi.,2023 Honda CR-V Hybrid Sport,"This CR-V Hybrid is in transit. We are happy to reserve this CR-V Hybrid for you however we are waiting on it just like you are. Please reach out for more details. Here are the features we have for this CR-V Hybrid : 2.0L I4 DOHC 16V, 4.438 Axle Ratio, 4-Wheel Disc Brakes, 6 Speakers, ABS brakes, Ad …","$34,245"
Carpathian Grey,Ebony,Four-wheel Drive,–,Gasoline,Automatic,2.0L I4 16V GDI DOHC Turbo,SALCT2FX3PH919614,J23014,"13,615 mi.",2023 Land Rover Discovery Sport S R-Dynamic,"South Shore Protection Package includes: Standard Paint Protection Plan for 1 Year, Nitrogen Tire Inflation, 1 Year Tire road hazard damage warranty, 1 Year LoJack Stolen Vehicle Recovery. This vehicle is nicely appointed with: 20 'Style 5089' Gloss Grey Wheels, Cold Climate Pkg, Blind Spot Assist P …","$45,995"
Sterling Gray Metallic,Jet Black,Four-wheel Drive,–,Diesel,10-Speed Automatic with Overdrive,3.0L I6 24V DDI DOHC Turbo Diesel,1GNSKTKT3PR367211,T230903,2 mi.,2023 Chevrolet Tahoe High Country,"Sterling Gray Metallic 2023 Chevrolet Tahoe High Country 4WD 10-Speed Automatic with Overdrive 3.0L I6 4WD, Jet Black/Mocha Leather. Recent Arrival! 20/26 City/Highway MPG","$82,360"
Inferno Red,Black,Front-wheel Drive,–,Gasoline,IVT,2.0L I4 16V MPFI DOHC,KNDJ23AU8P7201986,K23517,10 mi.,2023 Kia Soul LX,"Inferno Red 2023 Kia Soul LX FWD IVT 2.0L I4 DOHC $5000.00 Market Adjustment. Customers residing outside of Turner Kias market area will be subject to a $5000.00 market adjustment increase. Residents of Dauphin, Cumberland, York, Lancaster, Perry, Adams and Lebanon counties will not be subject to th …","$21,720"
Snow White Pearl,Black,Front-wheel Drive,29–39,Gasoline,Automatic CVT,2.0L I4 16V MPFI DOHC,3KPF54AD2NE492100,K3453,0 mi.,2022 Kia Forte GT-Line,All sales prices include current Kia Cash Back incentives.,"$24,485"
Silver Birch Metallic,–,Rear-wheel Drive,17–25,Gasoline,4-Speed Automatic,4.6L V8 16V MPFI SOHC,2MEFM75W44X634065,634065,"76,547 mi.",2004 Mercury Grand Marquis LS Premium,CARFAX 1-Owner vehicle Personal vehicle No accidents or damage reported to CARFAX Clean frame very low miles .,"$6,895"
Red,Gray,Four-wheel Drive,16–21,Gasoline,6-Speed Automatic,5.0L V8 32V MPFI DOHC,1FTMF1EF7EFC75534,19458A,"91,000 mi.",2014 Ford F-150 STX,"5.0L V8 OHV 16V, STX 4WD REG CAB SHORT BOX, REMOTE START, VERY NICE TRUCK! CALL BRANDON TODAY TO SCHEDULE YOUR TEST DRIVE! HERE AT R21 - WE ARE EXTREMELY PROUD MAINTAINING OUR DIVERSE SELECTION OF TRUCKS & VEHICLES TO THE PUBLIC. ASK ABOUT THE ADVANTAGES OF OUR TRUCK FINANCING PROGRAM & NATIONWIDE E …","$17,995"
Black Obsidian,Graphite,Four-wheel Drive,13–19,Gasoline,7-Speed Automatic,5.6L V8 32V GDI DOHC,JN8AZ2BEXM9272527,272527CA1,"31,384 mi.",2021 INFINITI QX80 SENSORY,"Priced below KBB Fair Purchase Price! Black Obsidian 2021 INFINITI QX80 Sensory 4D Sport Utility 4WD 7-Speed Automatic 5.6L V8 Front and rear parking sensors, Blind spot warning, Keyless start, Lane keep assist, 360 view camera w/MOD, 3rd row seats: split-bench, A/V remote, Adaptive Cruise Control, …","$53,890"
Aegean Blue Metallic,Black,Front-wheel Drive,30–36,Gasoline,Automatic CVT,1.5L I4 16V GDI DOHC Turbo,SHHFK7H45HU403584,HU403584,"66,328 mi.",2017 Honda Civic Sport,"NON SMOKER, PRICED BELOW THE MARKET, FRESH DETAIL, APPLE CAR PLAY / ANDROID AUTO, BACKUP CAMERA, ALLOY WHEELS, POWER WINDOWS, POWER LOCKS, FUEL EFFICIENT, PERFECT FIRST CAR, GREAT ON GAS, CALL BEFORE IT IS GONE, CHEAP PAYMENTS, WORKS WITH ALL CRE …","$19,619"
Lunar Silver Metallic,Ebony,Front-wheel Drive,29–36,Gasoline,Automatic CVT,1.5L I4 16V GDI DOHC Turbo,19UDE4H37PA024634,AA1080,11 mi.,2023 Acura Integra A-Spec,"ADAPTIVE CRUISE CONTROL, APPLE CARPLAY, BLINDSPOT DETECTION w/ REAR TRAFFIC ALERT, ANDROID AUTO, SMART BRAKE SYSTEM, Radio: Acura Premium Audio System. 2023 Acura Integra A-Spec Package CVT 1.5L I4 DOHC 16V Arlington Acura is proudly serving the communities of Palatine, Libertyv …","$32,995"
Deep Black Pearl Effect,Titan Black,All-wheel Drive,–,Gasoline,8-Speed Automatic,2.0L I4 16V GDI DOHC Turbo,3VVFB7AX2PM085649,PM085649,20 mi.,2023 Volkswagen Tiguan 2.0T S,With each new VW purchase your first two oil changes (10k & 20k) are on Volkswagen. Only at Germain VW of Columbus you will also receive a FREE DETAIL with your 10k and 20k maintenances! In addition we offer free pick up and drop off of your vehicle (30 mile radius) complete with a FREE LOANER vehic …,"$30,338"
Thunder Gray,Charcoal,All-wheel Drive,–,Gasoline,Automatic,2.0L I4 16V GDI DOHC Turbo,YV4062PK8P1942753,23191,0 mi.,2023 Volvo XC90 B6 Core,"This vehicle won't be on the lot long! Both practical and stylish! Turbocharger technology provides forced air induction, enhancing performance while preserving fuel economy. It includes leather upholstery, delay-off headlights, a power seat, and the power moon roof opens up the cabin to the natural …","$63,615"
White,Sandstone,Four-wheel Drive,20–27,Hybrid,10-Speed Automatic,3.3L V6 24V PDI DOHC Hybrid,1FM5K8FW5MNA13518,U13912,"28,595 mi.",2021 Ford Explorer Limited,Power driver seat Power steering Power windows Remote keyless entry Steering wheel mounted audio controls Handling Four wheel independent suspension Traction control Safety 4-Wheel Disc Brakes ABS brakes Dual front impact airbags Dual front side impact airbags Emergency communication system: 911 Ass …,"$40,995"
Wolf Gray,Red,All-wheel Drive,–,Gasoline,8-Speed Automatic,1.6L I4 16V GDI DOHC Turbo,5XXG64J29PG216815,304243,5 mi.,2023 Kia K5 GT-Line,2023 Kia K5 GT-LineWolf Gray ExteriorRed SynTex w/Heated SeatsHeated Steering WheelNavigation SystemRear View Camera w/Parking GuidanceForward Collision Avoidance AssistBlind Spot Information SystemPanoramic Sunroof18 WheelsPremium Package1.6L TurbochargedAWD. At …,"$32,385"
White Knuckle Clearcoat,Black,All-wheel Drive,18–25,Gasoline,8-Speed Automatic,3.6L V6 24V MPFI DOHC,1C4RDJAG9NC215671,RD7442,"2,226 mi.",2022 Dodge Durango SXT,"180 Amp Alternator, 7 & 4 Pin Wiring Harness, Black Headlamp Bezels, Black Headliner, Blacktop Package, Body Color Lower Fascia, Body Color Rear Fascia, Body Color Sill Molding, Body Color Wheel Lip Molding, Bridgestone Brand Tires, Class IV Receiver Hitch, Delete Roof Rack, Dual Rear Exhaust w/Brig …","$39,499"
Black Metallic,Java,Four-wheel Drive,–,Gasoline,10-Speed Automatic,3.5L V6 24V PDI DOHC Twin Turbo,1FMJU1P86PEA32809,N32809,8 mi.,2023 Ford Expedition King Ranch,This 2023 Ford Expedition King Ranch will sell fast! 4-Wheel Drive. This Expedition has many valuable options! Leather seats. Bluetooth Connectivity. Sunroof. Panoramic Sunroof. Satellite radio. Aux. Audio Input. -Auto Climate Control -Fog Lights -Security System -Parking Sensors -Garage Door Opener …,"$84,950"
Silver,Black,Front-wheel Drive,26–36,Gasoline,6-Speed Automatic with Auto-Shift,2.0L I4 16V GDI DOHC,1FADP3K21EL115280,11081,"107,706 mi.",2014 Ford Focus SE,New Brakes!! Flex Fuel!!! Bletooth!!,"$8,495"
WR Blue Pearl,Black,All-wheel Drive,19–26,Gasoline,6-Speed Manual,2.4L H4 16V GDI DOHC Turbo,JF1VBAF67N9031448,N9031448,4 mi.,2022 Subaru WRX Premium,"======: Heated Seats, Alloy Wheels, Turbo Charged, All Wheel Drive, Back-Up Camera, Satellite Radio. ======WHY BUY FROM US: Here at Subaru of South Hills, we're proud to offer something for everyone. When you're interested in a brand-new Subaru, we have just the thing you're looking for. If you woul …","$32,614"
Red,Black,AWD,–,Hybrid,Automatic CVT,2.5L I4 16V PDI DOHC Hybrid,JTDAAAAF1P3004464,P3004464,10 mi.,2023 Toyota Crown Limited,"Panoramic Roof,Leather Seats,Navigation System,Lane Keeping Assist,Keyless Start,Bluetooth Connection,Cooled Front Seat(S),All Wheel Drive,50 State Emissions,Black; Leather Seat Trim,Supersonic Red","$48,171"
Summit White,Black,Four-wheel Drive,–,Gasoline,6-Speed Automatic,6.6L V8 16V GDI OHV,2GC4YME79P1731662,C3131,3 mi.,2023 Chevrolet Silverado 2500 Custom,"2023 Chevrolet Silverado 2500HD Custom 4D Crew Cab 6.6L V8 4WD 6-Speed Automatic, 4WD, Black Cloth.","$54,865"
Silicon Silver,Khaki,Four-wheel Drive,–,Gasoline,Automatic,3.0L I6 24V GDI DOHC Turbo,SALEP7EU7P2188657,P2188657,0 mi.,2023 Land Rover Defender 110 SE,"Nav System, Moonroof, Heated/Cooled Leather Seats, Premium Sound System, Panoramic Roof, 4x4, Aluminum Wheels, Back-Up Camera. SE trim. Warranty 4 yrs/50k Miles - Basic Warranty; CLICK NOW!======KEY FEATURES INCLUDE: Leather Seats, Navigation, Sunroof, Panoramic Roof, 4x4, Heated Driver Seat, Cooled …","$80,480"
Cactus Green / Gray,Black Onyx,Four-wheel Drive,–,Gasoline,10-Speed Automatic,2.3L I4 16V GDI DOHC Turbo,1FMEE5DH9PLB31999,NB31999,–,2023 Ford Bronco Black Diamond,"ABS brakes, Compass, Electronic Stability Control, Heated door mirrors, Illuminated entry, Low tire pressure warning, Remote keyless entry, Traction control. Cactus Gray 2023 Ford Bronco Black Diamond Black Diamond","$54,680"
Midnight Emerald,Linen,All-wheel Drive,–,Gasoline,Automatic,4.0L V8 32V GDI DOHC Twin Turbo,SJAHT2ZV6PC018517,23N018517,38 mi.,2023 Bentley Bentayga,"Exclusive Automotive Group located conveniently in Vienna, VA is proud authorized dealership of Aston Martin and Bentley. Representing the penultimate of automobiles requires that our staff and operations be held to the same tremendously high standards. At every encounter with our clients we endeavor to deliver the high touch experience that you deserve.","$301,730"
Arctic Race Blue Metallic,Ivory White,Rear-wheel Drive,–,Gasoline,8-Speed Automatic,3.0L I6 24V GDI DOHC Turbo,WBA53BJ05PWY01146,PWY01146,"1,102 mi.",2023 BMW 540 i,"Dealer DEMO - PLEASE INQUIRE AS TO MARKET VALUE! Arctic Race Blue Metallic 2023 BMW 5 Series 540i RWD 8-Speed Automatic Sport 3.0L I6 Turbocharged DOHC 24V LEV3-ULEV70 Ivory White Leather. Connected Package Pro, Premium Package (harman/kardon Surround Sound System, Head-Up Display, Heated Front Seat …","$68,020"
Jet Black,Black,All-wheel Drive,–,Gasoline,8-Speed Automatic,3.0L I6 24V GDI DOHC Turbo,WBA73BJ02PWY07852,PWY07852,17 mi.,2023 BMW 540 i xDrive,"Jet Black 2023 BMW 5 Series 540i xDrive AWD 8-Speed Automatic Sport 3.0L I6 Turbocharged DOHC 24V LEV3-ULEV70 AWD, Black Artificial Leather. 22/29 City/Highway MPG","$67,730"
Glacier White,Hotspur,All-wheel Drive,–,Gasoline,Automatic,4.0L V8 32V GDI DOHC Twin Turbo,SCBCG2ZG7PC006832,NVA230339,41 mi.,2023 Bentley Continental GT S,Glacier White 2023 Bentley Continental GT V8 S AWD 8-Speed 4.0L V8 Hotspur.,"$300,340"
Crystal White Tri-Coat,Maple Sugar,All-wheel Drive,–,Gasoline,10-Speed Automatic,3.0L V6 24V GDI DOHC Twin Turbo,1G6DS5RW4P0114967,230075,"3,358 mi.",2023 Cadillac CT5 Premium Luxury AWD,"Factory MSRP: $59,090 Crystal White Tricoat 2023 Cadillac CT5 Premium Luxury 4D Sedan Premium Luxury CT5 2023 Cadillac 3.0L V6 10-Speed Automatic AWD Climate Package (Driver 4-Way Power Lumbar Seat Adjuster, Front Passenger 4-Way Power Lumbar Seat Adjuster, Heated Driver & Front Passenger Seats, Hea …","$59,090"
Crystal White Tri-Coat,Jet Black,All-wheel Drive,–,Gasoline,9-Speed Automatic,3.6L V6 24V GDI DOHC,1GYKPDRS5PZ191253,230314,7 mi.,2023 Cadillac XT6 Premium Luxury AWD,"Factory MSRP: $60,215 Crystal White Tricoat 2023 Cadillac XT6 Premium Luxury 4D Sport Utility Premium Luxury XT6 2023 Cadillac 3.6L V6 DI VVT 9-Speed Automatic AWD Premium Luxury Package 1SD (Automatic Emergency Braking, Dual Driver Info Center Display Gauge Cluster, Front & Rear Park Assist, Inside …","$60,215"
Glacier White,Camel,All-wheel Drive,–,Gasoline,8-Speed,4.0L V8 32V GDI DOHC Twin Turbo,SCBDG4ZG7PC007026,23B3538,31 mi.,2023 Bentley Continental GT,"Bentley Beverly Hills is proud to present this 2023 Bentley GTC V8 Convertible in Glacier White and Camel. Bentley Beverly Hills is part of O'Gara Coach Company, the leading Factory Authorized Dealer for Aston Martin, Automobili Pininfarina, Bentley, Bugatti, Koenigsegg, Lamborghini, McLaren, Rimac …","$277,025"
Alpine White,Cognac,All-wheel Drive,–,Gasoline,Automatic,3.0L I6 24V GDI DOHC Turbo,5UX83DP09P9S11435,P9S11435,13 mi.,2023 BMW X3 M40i,"Premium Package,Harman/Kardon Surround Sound System,Parking Assistance Package,Panoramic Roof,Wheels: 20 X 8.0 Fr & 20 X 9.5 Rr M Dbl Spoke,Heated Front Seats,Wireless Charging,Navigation System,Space-Saver Spare,Heated Steering Wheel,Keyless Start,Bluetooth Connection,Rear Spoiler,Heads-Up Display, …","$66,280"
Dark Sapphire,Linen,All-wheel Drive,–,Gasoline,8-Speed Automatic,4.0L V8 32V GDI DOHC Twin Turbo,SJAHT2ZV1PC018960,23B6189,20 mi.,2023 Bentley Bentayga,"Bentley Beverly Hills is proud to present this 2023 Bentley Bentayga EWB in Dark Sapphire and Linen. Bentley Beverly Hills is part of O'Gara Coach Company, the leading Factory Authorized Dealer for Aston Martin, Automobili Pininfarina, Bentley, Bugatti, Koenigsegg, Lamborghini, McLaren, Rimac and Ro …","$241,390"
WR Blue Pearl,Black,All-wheel Drive,19–26,Gasoline,6-Speed Manual,2.4L H4 16V GDI DOHC Turbo,JF1VBAF67N9031448,N9031448,4 mi.,2022 Subaru WRX Premium,"======: Heated Seats, Alloy Wheels, Turbo Charged, All Wheel Drive, Back-Up Camera, Satellite Radio. ======WHY BUY FROM US: Here at Subaru of South Hills, we're proud to offer something for everyone. When you're interested in a brand-new Subaru, we have just the thing you're looking for. If you woul …","$32,614"
Alpine Gray,Black,All-wheel Drive,–,Gasoline,Automatic,4.0L V8 32V GDI DOHC Twin Turbo,W1KVK8BB0NF007571,NF007571,11 mi.,2022 Mercedes-Benz AMG SL 63 Base,"Wheels: 21 Amg Forged Cross-Spoke Black,Amg Carbon Fiber Trim,Driver Assistance Package,Performance Trim Line,Manufaktur Alpine Grey,Amg Night Package Ii,Leather Seats,Navigation System,Energizing Air Control,Wheel Locking Bolts,Lane Keeping Assist,Keyless Start,Bluetooth Connection,Rear Spoiler,Hea …","$194,335"
Gray Sky Pearl,Sport,Front-wheel Drive,–,Gasoline,Automatic CVT,2.5L I4 16V GDI DOHC,1N4BL4CV3PN345038,A0552,–,2023 Nissan Altima 2.5 SR,White's Auto Mall Nissan is pumped up to offer this 2023 Nissan Altima 2.5 SR in Gray Sky Pearl with Sport. This Altima is very well equipped with . 2023 Nissan Altima 2.5 SR Gray Sky Pearl 2.5L 4-Cylinder DOHC 16V FWD CVT with Xtronic 27/37 City/Highway MPG,"$29,340"
Alpine White,Cognac,All-wheel Drive,21–28,Gasoline,8-Speed Automatic,2.0L I4 16V GDI DOHC Turbo,WBX57DP03NN144394,40768B,0 mi.,2022 BMW X3 xDrive30i,"This BMW X3 has a powerful Intercooled Turbo Premium Unleaded I-4 2.0 L/122 engine powering this Automatic transmission. WHEELS: 19 X 7.5 Y-SPOKE (STYLE 693) -inc: Ferric grey (STD), REMOTE ENGINE START, PANORAMIC MOONROOF (ZPA).Packages That Make Driving the BMW X3 xDrive30i An ExperienceHEATED F …","$49,820"
Red,Black,AWD,–,Hybrid,Automatic CVT,2.5L I4 16V PDI DOHC Hybrid,JTDAAAAF1P3004464,P3004464,10 mi.,2023 Toyota Crown Limited,"Panoramic Roof,Leather Seats,Navigation System,Lane Keeping Assist,Keyless Start,Bluetooth Connection,Cooled Front Seat(S),All Wheel Drive,50 State Emissions,Black; Leather Seat Trim,Supersonic Red","$48,171"
Mineral Blue,Charcoal,Front-wheel Drive,,Electric,Automatic,Electric,KNDCR3L1XP5028183,K230467,9 mi.,2023 Kia Niro EV Wind,"Factory MSRP: $42,700 Mineral Blue 2023 Kia Niro EV Wind 4D Sport Utility Wind Niro EV 2023 Kia 201HP Electric Motor 1-Speed Automatic FWD Wind Preserve Package (Heat Pump, Heated Rear Seats, and Heated Steering Wheel), 10.65 Axle Ratio, 2-Level Luggage Board, 4-Wheel Disc Brakes, 6 Speakers, 7J x 1 …","$41,024"
Gray,Linen,All-wheel Drive,–,Gasoline,8-Speed Automatic,4.0L V8 32V GDI DOHC Twin Turbo,SJAHT2ZV3PC018975,23B6187,57 mi.,2023 Bentley Bentayga Azure,"Bentley Beverly Hills is proud to present this 2023 Bentley Bentayga EWB Azure in Grey Violet and Linen. Bentley Beverly Hills is part of O'Gara Coach Company, the leading Factory Authorized Dealer for Aston Martin, Automobili Pininfarina, Bentley, Bugatti, Koenigsegg, Lamborghini, McLaren, Rimac an …","$307,230"
Vik Black,Dark Green,All-wheel Drive,,Electric,1-Speed Automatic,Electric,KMTGE4S17PU003687,G23109,10 mi.,2023 Genesis Electrified G80 Electric,Vik Black 2023 Genesis Electrified G80 AWD 1-Speed Automatic Electric Motor Fresh Oil Change. 105/89 City/Highway MPG,"$81,625"
Glacier White Metallic,Black,All-wheel Drive,18–23,Gasoline,8-Speed Automatic,3.0L V6 24V GDI DOHC Turbo,WA1VXAF7XMD018610,D5193,"40,511 mi.",2021 Audi Q7 55 Prestige,CARFAX One-Owner. Clean CARFAX. Glacier White Metallic 2021 Audi Q7 55 Prestige quattro quattro 8-Speed Automatic with Tiptronic 3.0L TFSI V6 DOHC CLEAN CARFAX Audi of Stratham has the Luxury vehicle you've been searching for at a price that fits your budget As an employee owned company our …,"$54,987"
Alpine Gray,Black,All-wheel Drive,–,Gasoline,Automatic,4.0L V8 32V GDI DOHC Twin Turbo,W1KVK8BB0NF007571,NF007571,11 mi.,2022 Mercedes-Benz AMG SL 63 Base,"Wheels: 21 Amg Forged Cross-Spoke Black,Amg Carbon Fiber Trim,Driver Assistance Package,Performance Trim Line,Manufaktur Alpine Grey,Amg Night Package Ii,Leather Seats,Navigation System,Energizing Air Control,Wheel Locking Bolts,Lane Keeping Assist,Keyless Start,Bluetooth Connection,Rear Spoiler,Hea …","$194,335"
Star White,Sandstone,Rear-wheel Drive,–,Gasoline,10-Speed Automatic,3.5L V6 24V PDI DOHC Twin Turbo,1FMJK1K86PEA38218,EA38218,4 mi.,2023 Ford Expedition Max Limited,Recent Arrival! LIFETIME WARRANTY INCLUDED!!! Star White Metallic Tri-Coat 2023 Ford Expedition Max Limited RWD 10-Speed Automatic EcoBoost 3.5L V6 GTDi DOHC 24V Twin Turbocharged,"$74,831"
Dark Ash Metallic,Black,Four-wheel Drive,–,Gasoline,10-Speed Automatic,5.3L V8 16V GDI OHV,2GCUDEED5P1105646,23057,7 mi.,2023 Chevrolet Silverado 1500 RST,"Dark Ash Metallic 2023 Chevrolet Silverado 1500 RST 4WD 10-Speed Automatic EcoTec3 5.3L V8 10-Speed Automatic, 4WD, Black Cloth. 2023 Chevrolet Silverado 1500 RST 4D Crew Cab Mercer County's longest lasting and most dependable dealership for over 65 years. Same family, same town, same friendly car b …","$58,645"
Black Raven,Black,Four-wheel Drive,14–21,Gasoline,10-Speed Automatic,6.2L V8 16V GDI OHV,1GYS4CKJ0KR144886,J223A,"86,248 mi.",2019 Cadillac Escalade Premium Luxury,"Home of the No-Hassle Deal Every Vehicle is Priced Up Front based on the KBB.com Price Advisor from Kelly Blue Book. Get an Instant Quote for your trade-in Experience The Castle Difference... Free Vehicle Delivery (Up to 50 miles), 72-Hour Love it or Exchange it Policy and much more... Fast …","$42,977"
Black Diamond,Black Saddle / Tan,Four-wheel Drive,–,Gasoline,Automatic CVT,2.5L I4 16V GDI DOHC,JA4J4VA83PZ023847,24T332,5 mi.,2023 Mitsubishi Outlander SEL 40th Anniversary,"Black Diamond 2023 Mitsubishi Outlander SEL 40th Anniversary 4WD CVT 2.5L 4-Cylinder DOHC 4WD. 24/30 City/Highway MPG ALL NEW VEHICLES INCLUDE A 10yr 100,000 MILE POWERTRAIN WARRANTY; See dealer for complete details. Also included with every new vehicle we sell: LIFETIME NO FEAR WARRANTY, FIRST OIL …","$38,812"
Red,Black,All-wheel Drive,16–22,Gasoline,7-Speed Automatic,5.5L V8 32V GDI DOHC Twin Turbo,WDDLJ7GB8GA159286,HAP3695A,"27,514 mi.",2016 Mercedes-Benz AMG CLS AMG CLS 63 S-Model 4MATIC,"2016 Mercedes-Benz CLS CLS 63 S AMG® designo Cardinal Red Metallic Active Multicontour Driver Seat, Blind Spot Assist, Carbon Fiber Mirror Covers, Electronic Trunk Closer, Exterior Carbon Fiber Package, Exterior Parking Camera Rear, Heated & Active Ventilated Front Seats, KEYLESS GO®, Lane K …","$51,736"
Wolf Gray,Black,All-wheel Drive,25–33,Gasoline,8-Speed Automatic,"Gamma-II 1.6L I-4 gasoline direct injection, DOHC, CVVD variable",5XXG64J28PG215381,K231198,14 mi.,2023 Kia K5 GT-Line,Are You Looking for A Simple Easy Fun Car Buying Experience? Kia of Everett Is the Place to Come! With One of The Best Selections of New Kia's Available in The Pacific Northwest You Will Be Glad You Checked Us Out. This Particular K5 Has Been Pre-Sold Awaiting Its Arrival Here Soon. Congratula …,"$35,184"
Bright White Clearcoat,Black,Four-wheel Drive,–,Gasoline,8-Speed Automatic,3.6L V6 24V MPFI DOHC,1C6HJTAG7PL501870,0-3031,14 mi.,2023 Jeep Gladiator Sport,"$3,409 off MSRP! Dealer Discount of $409 off MSRP Bright White Clearcoat 2023 Jeep Gladiator Sport 4WD 8-Speed Automatic 3.6L V6 24V VVT 115V Auxiliary Power Outlet, 1-Year SiriusXM Guardian Trial, 220 Amp Alternator, 240 Amp Alternator, 3.73 Rear Axle Ratio, 400W Inverter, 4-Wheel Disc Brakes, 5-Ye …","$47,331"
Polymetal Gray Metallic,Black,All-wheel Drive,–,Gasoline,6-Speed Automatic,2.5L I4 16V GDI DOHC,JM3KFBCM0P0253516,MWP0253516,5 mi.,2023 Mazda CX-5 2.5 S Carbon Edition,"McDonald Mazda West in Lakewood, Colorado treats the needs of each individual customer with paramount concern. We know that you have high expectations, and as a car dealer we enjoy the challenge of meeting and exceeding those standards each and every time. Allow us to demonstrate our commitment to excellence!","$33,314"
Vapor Blue Metallic,–,All-wheel Drive,–,Hybrid,Automatic CVT,2.5L I4 16V MPFI DOHC Hybrid,1FMCU9NZ5PUA39808,9500U9N,0 mi.,2023 Ford Escape ST-Line Select,"2.5L iVCT, eCVT, AWD, 2.91 Axle Ratio, 4-Wheel Disc Brakes, 6 Speakers, ABS brakes, Air Conditioning, Alloy wheels, AM/FM radio: SiriusXM, AM/FM Stereo, Auto High-beam Headlights, Automatic temperature control, Brake assist, Bumpers: body-color, Compass, Delay-off headlights, Driver door bin, Driver …","$38,725"
Gray,Linen,All-wheel Drive,–,Gasoline,8-Speed Automatic,4.0L V8 32V GDI DOHC Twin Turbo,SJAHT2ZV3PC018975,23B6187,57 mi.,2023 Bentley Bentayga Azure,"Bentley Beverly Hills is proud to present this 2023 Bentley Bentayga EWB Azure in Grey Violet and Linen. Bentley Beverly Hills is part of O'Gara Coach Company, the leading Factory Authorized Dealer for Aston Martin, Automobili Pininfarina, Bentley, Bugatti, Koenigsegg, Lamborghini, McLaren, Rimac an …","$307,230"
Orange,Jet Black,Rear-wheel Drive,–,Gasoline,8-Speed,6.2L V8 16V GDI OHV,1G1YC2D47P5129488,C230064,6 mi.,2023 Chevrolet Corvette Stingray w/3LT,"ABS brakes, Alloy wheels, Compass, Custom Leather Wrapped Interior Package, Electronic Stability Control, Front dual zone A/C, Heated door mirrors, Heated front seats, Illuminated entry, Low tire pressure warning, Navigation System, Power-Adjustable Outside Heated Mirrors, Remote keyless entry, Tech …","$88,530"
Dynamic Blue Metallic,Jet Black,Four-wheel Drive,–,Gasoline,Automatic,2.7L I4 16V GDI DOHC Turbo,1GTP6DEK5P1139432,236679,0 mi.,2023 GMC Canyon AT4,2023 GMC Canyon AT4 4WD.,"$51,650"
Sterling Gray Metallic,Jet Black,Rear-wheel Drive,–,Gasoline,Automatic,2.7L I4 16V GDI DOHC Turbo,1GCGSBEC6P1123734,P1123734,0 mi.,2023 Chevrolet Colorado WT,"You won't want to miss this excellent Chevrolet Colorado W/T Convenience! Packed with features and truly a pleasure to drive! Turbocharger technology provides forced air induction, enhancing performance while preserving fuel economy. All of the following features are included: variably intermittent …","$29,110"
Calypso Red,Gray,All-wheel Drive,–,Hybrid,6-Speed Automatic with SHIFTRONIC,1.6L I4 16V GDI DOHC Turbo Hybrid,5NMS2DA1XPH008327,23H0479,24 mi.,2023 Hyundai Santa Fe HEV Blue,,"$38,790"
Pure White,Beige,All-wheel Drive,–,Gasoline,8-Speed Automatic,3.6L V6 24V GDI DOHC,1V2HR2CA8PC530927,CV3921,5 mi.,2023 Volkswagen Atlas 3.6L SE w/Technology,"Adaptive Cruise Control, Apple Carplay/Android Auto, Automatic Emegency Braking, Backup Camera, Blind Spot Monitor, Bluetooth, Brake Assist, Heated Seats, Homelink, Keyless Start, Leather Seats, LED Headlights, Rear Cross Traffic Alert, Remote Start, Stability Control, USB Port. 2023 Volkswagen Atla …","$46,445"
Iconic Silver Metallic,Black Onyx,Four-wheel Drive,–,Gasoline,10-Speed Automatic,3.5L V6 24V PDI DOHC Twin Turbo,1FMJK2A81PEA26453,PEA26453,5 mi.,2023 Ford Expedition Max Limited,"You won't want to miss this excellent value! It comes equipped with all the standard amenities for your driving enjoyment. Turbocharger technology provides forced air induction, enhancing performance while preserving fuel economy. Comfort and convenience were prioritized within, evidenced by ameniti …","$85,160"
Brooklyn Gray Metallic,Cognac,Rear-wheel Drive,–,Gasoline,8-Speed Automatic,3.0L I6 24V GDI DOHC Turbo,WBA23EH08PCM68873,C23696,23 mi.,2023 BMW 740 i,"2023 BMW 7 Series 740i 3.0L I6 DOHC 24V TwinPower Turbo 8-Speed Automatic Sport RWD Brooklyn Gray Metallic Cognac w/Veganza Upholstery M Sport Package Pro, Professional Package, M Sport Pro Contents, M Sport Professional Package, Parking Assistance Package, Connected Package Pro, Active Driving Assi …","$99,545"
Lunar Silver Metallic,Ebony,Front-wheel Drive,29–36,Gasoline,Automatic CVT,1.5L I4 16V GDI DOHC Turbo,19UDE4H37PA024634,AA1080,11 mi.,2023 Acura Integra A-Spec,"ADAPTIVE CRUISE CONTROL, APPLE CARPLAY, BLINDSPOT DETECTION w/ REAR TRAFFIC ALERT, ANDROID AUTO, SMART BRAKE SYSTEM, Radio: Acura Premium Audio System. 2023 Acura Integra A-Spec Package CVT 1.5L I4 DOHC 16V Arlington Acura is proudly serving the communities of Palatine, Libertyv …","$32,995"
Deep Black Pearl Effect,Titan Black,All-wheel Drive,–,Gasoline,8-Speed Automatic,2.0L I4 16V GDI DOHC Turbo,3VVFB7AX2PM085649,PM085649,20 mi.,2023 Volkswagen Tiguan 2.0T S,With each new VW purchase your first two oil changes (10k & 20k) are on Volkswagen. Only at Germain VW of Columbus you will also receive a FREE DETAIL with your 10k and 20k maintenances! In addition we offer free pick up and drop off of your vehicle (30 mile radius) complete with a FREE LOANER vehic …,"$30,338"
Majestic Black Pearl,Red,All-wheel Drive,21–29,Gasoline,10-Speed Automatic,2.0L I4 16V GDI DOHC Turbo,19UUB6F58PA002148,2023208,11 mi.,2023 Acura TLX A-Spec,"Nav System, Heated Leather Seats, Aluminum Wheels, Turbo Charged Engine, All Wheel Drive, Moonroof. w/A-Spec Package trim, Majestic Black Pearl exterior and Red interior. ======KEY FEATURES INCLUDE: Leather Seats, Navigation, Moonroof, All Wheel Drive, Heated Driver Seat. Acura w/A-Spec Package with …","$50,595"
Shark Gray Metallic,Jet Black,Rear-wheel Drive,15–22,Gasoline,8-Speed Automatic,6.2L V8 16V GDI OHV Supercharged,1G1YU3D65G5606892,F524,"26,798 mi.",2016 Chevrolet Corvette Z06,"Meet the Corvette C7 Z06 Convertible, the epitome of style, speed, and power. This sleek and stunning sports car is the ultimate dream for those who love to drive fast and look good doing it.

Under the hood, the Corvette C7 Z06 Convertible boasts a supercharged 6.2-liter V8 engine t …","$77,777"
Lime,Ebony,Rear-wheel Drive,15–24,Gasoline,6-Speed Manual,5.0L V8 32V PDI DOHC,1FA6P8CF6L5187536,L5187536,"38,505 mi.",2020 Ford Mustang GT,"Apple CarPlay, LOW MILES, BLUETOOTH, BACKUP CAMERA, ONE OWNER, LOCAL TRADE IN, 4-Wheel Disc Brakes, ABS brakes, Emergency communication system: 911 Assist, Occupant sensing airbag. Priced below KBB Fair Purchase Price! CARFAX One-Owner. Lime 2020 Ford Mustang GT 2D Coupe RWD 6-Speed Manua …","$29,483"
Majestic White,Graphite,All-wheel Drive,19–27,Gasoline,7-Speed Automatic,3.0L V6 24V GDI DOHC Twin Turbo,JN1EV7KL2NM630273,SA0818,486 mi.,2022 INFINITI Q60 LUXE,"Advanced Climate Control System, Auto-Dimming Exterior Mirrors w/Reverse Tilt-Down, Cargo Net, Cargo Package, Carpeted Trunk Mat, Dual-Occupant Memory System For Driver Seat, Essential Package, First Aid Kit, Navigation System, Power Tilt & Telescopic Steering Column. 19/27 City/Highway MPG INFINITI …","$46,950"
Sangria Red,Black,Front-wheel Drive,20–26,Gasoline,8-Speed Automatic,3.8L V6 24V GDI DOHC,5XYP34HC2LG030840,MHIP200160,"63,409 mi.",2020 Kia Telluride EX,PRICED TO SELL QUICKLY! Research suggests it will not be available for long. This 2020 Kia Telluride EX has a great looking Sangria exterior and a Black interior! -Bluetooth- -Heated Front Seats- -Keyless Entry- -Remote Engine Start- -Backup Camera- -Navigation System- -Sunroof- This Telluride has m …,"$32,495"
Machine Silver Metallic,Black,Rear-wheel Drive,–,Gasoline,4-Speed Automatic,5.7L V8 16V MPFI OHV,1G1YY32G645111712,45111712,"65,786 mi.",2004 Chevrolet Corvette Base,Wheels; High-Polished; 5-Spoke Aluminum; 17 X 8.5 (43.2 Cm X 21.6 Cm); Front And 18 X 9.5 (45.7 Cm X 24.1 Cm); Rear Preferred Equipment Group Leather Seats Heads-Up Display License Plate Bracket; Front Convertible Soft Top Black Convertible Top Color Emissions; New York; Vermont; Mas …,"$18,595"
Palladium Silver Metallic,Black,All-wheel Drive,16–24,Gasoline,7-Speed Automatic,3.5L V6 24V MPFI DOHC,WDDHF8HB7AA145334,MCE1425,"135,610 mi.",2010 Mercedes-Benz E-Class E 350 4MATIC,PURCHASE WITH CONFIDENCE FROM A QUALITY DRIVEN DEALER IN BUSINESS FOR OVER 40 YEARS. THE OWNER PERSONALLY BUYS AND DRIVES EVERY CAR WE SELL. WE OFFER A HASSLE FREE BUYING EXPERIENCE AND APPRECIATE OUR CUSTOMERS. WE ALSO OFFER FINANCE PLANS FOR EVERY BUDGET. GETTING RID OF YOUR CAR? TRADE IT IN WITH …,"$10,991"
Sunset Orange Metallic,Black,All-wheel Drive,25–34,Gasoline,8-Speed Automatic,2.0L I4 16V GDI DOHC Turbo,3MW5R7J02N8C60574,BP6161,"23,099 mi.",2022 BMW 330 i xDrive,"Sunset Orange Metallic 2022 BMW 3 Series 330i xDrive 2.0L 4-Cylinder DOHC 16V Turbocharged 8-Speed Automatic Sport AWDCARFAX One-Owner. Clean CARFAX. Priced below KBB Fair Purchase Price! 25/34 City/Highway MPGAWD, Active Blind Spot Detection, Active Driving Assistant, AM/FM radio: SiriusXM with 360 …","$40,995"
Silver,Charcoal,Four-wheel Drive,17–22,Gasoline,5-Speed Automatic,4.0L V6 24V MPFI DOHC,JTEBU5JR7B5038799,64184864,"139,882 mi.",2011 Toyota 4Runner SR5,Check out this 2011 Toyota 4-Runner. This car is mechanically sound it runs and drives great with no issues. The exterior is in great shape well kept and maintained. The interior is extra clean and in great condition. This vehicle is a hot item they don't last long. It offers power windows door lock …,"$17,999"
Silver Spruce Metallic,Stone,Front-wheel Drive,21–29,Gasoline,4-Speed Automatic,3.0L V6 24V MPFI DOHC,4T1BF28B94U377221,377221K,"228,136 mi.",2004 Toyota Avalon XLS,"We offer Market Based Pricing so please call to check on the availability of this vehicle. We will buy your vehicle even if you don't buy ours. Clean CARFAX. CLEAN CARFAX, FULLY SERVICED BY A FACTORY TRAINED TECHNICIAN, ILLUMINATED ENTRY, LIKE NEW CONDITION, LOCAL TRADE IN, LOW MILES, …","$4,999"
designo Diamond White Metallic,Beige,All-wheel Drive,23–30,Gasoline,9-Speed Automatic,3.0L I6 24V GDI DOHC Turbo,W1K1J5KB4MF168374,K7268,"21,422 mi.",2021 Mercedes-Benz E-Class E 450 4MATIC,2021 Mercedes-Benz E-Class E 450 4MATICClean Carfax1 Owner10K+ in Options!!!AMG Line PackageDriver Assistance PackageWarmth & Comfort PackageHeated & Cooled Front Seats20inch WheelsRear View CameraBurmester Sound SystemBeautiful Color Combo Designo Diamond White Metallic on Macchiato Beige …,"$57,985"
Baja Yellow Clearcoat,Black,Four-wheel Drive,16–21,Gasoline,5-Speed Automatic,3.6L V6 24V MPFI DOHC,1C4BJWEGXFL711808,14017T,"152,537 mi.",2015 Jeep Wrangler Unlimited Sahara,"LOCAL TRADE IN, LPK SPECIAL, ABS brakes, Alloy wheels, Body Color 3-Piece Hard Top, Compass, Connectivity Group, Connectivity Group (DISC), Electronic Stability Control, Heated door mirrors, Illuminated entry, Low tire pressure warning, Quick Order Package 24G, Remote keyless entry, Remote USB P …","$19,046"
Platinum White Pearl,Black,All-wheel Drive,19–26,Gasoline,9-Speed Automatic,3.5L V6 24V GDI SOHC,5FNYF6H24MB000052,1887B,"32,914 mi.",2021 Honda Pilot Special Edition,"Moonroof / Sunroof, Leather Seats, Local Trade , Bluetooth, Portable Audio Connection, Premium Audio, 3rd Row Seats, Backup Camera, Keyless Entry, Alloy Wheels, Remote Start, 4WD / AWD / 4x4, Pilot Special Edition, AWD, Apple CarPlay/Android Auto, Exterior Parking Camera Rear, Forward collision …","$37,168"
Onyx Black Metallic,Off Black,Front-wheel Drive,25–36,Gasoline,8-Speed Automatic,2.0L I4 16V GDI DOHC Turbo,YV140MEL5J2378648,378648,"74,587 mi.",2018 Volvo V60 T5 Dynamic,This Loaded 2018 Volvo V60 T5 Dynamic Wagon is offered to you for sale by Trust Auto. This Volvo includes: POWER PASSENGER SEAT Power Passenger Seat KEYLESS ENTRY Keyless Start Power Door Locks Keyless Entry PROTECTION PACKAGE Floor Mats INTEGRATED NAVIGATION SYSTEM (PIO) Navigation System HEATED FR …,"$19,595"
Alpine White,Oyster / Black,All-wheel Drive,23–31,Gasoline,8-Speed Automatic,2.0L I4 16V GDI DOHC Turbo,WBXJG9C07M5T19407,CNB104,"30,100 mi.",2021 BMW X1 xDrive28i,"Alpine White 2021 BMW X1 xDrive28i AWD 8-Speed Automatic 2.0L 4-Cylinder DOHC 16V TwinPower Turbo X1 xDrive28i, 4D Sport Utility, 2.0L 4-Cylinder DOHC 16V TwinPower Turbo, AWD, Alpine White, Oyster/Black Artificial Leather. 23/31 City/Highway MPG","$29,989"
White,Sandstone,Four-wheel Drive,20–27,Hybrid,10-Speed Automatic,3.3L V6 24V PDI DOHC Hybrid,1FM5K8FW5MNA13518,U13912,"28,595 mi.",2021 Ford Explorer Limited,Power driver seat Power steering Power windows Remote keyless entry Steering wheel mounted audio controls Handling Four wheel independent suspension Traction control Safety 4-Wheel Disc Brakes ABS brakes Dual front impact airbags Dual front side impact airbags Emergency communication system: 911 Ass …,"$40,995"
Wolf Gray,Red,All-wheel Drive,–,Gasoline,8-Speed Automatic,1.6L I4 16V GDI DOHC Turbo,5XXG64J29PG216815,304243,5 mi.,2023 Kia K5 GT-Line,2023 Kia K5 GT-LineWolf Gray ExteriorRed SynTex w/Heated SeatsHeated Steering WheelNavigation SystemRear View Camera w/Parking GuidanceForward Collision Avoidance AssistBlind Spot Information SystemPanoramic Sunroof18 WheelsPremium Package1.6L TurbochargedAWD. At …,"$32,385"
White Knuckle Clearcoat,Black,All-wheel Drive,18–25,Gasoline,8-Speed Automatic,3.6L V6 24V MPFI DOHC,1C4RDJAG9NC215671,RD7442,"2,226 mi.",2022 Dodge Durango SXT,"180 Amp Alternator, 7 & 4 Pin Wiring Harness, Black Headlamp Bezels, Black Headliner, Blacktop Package, Body Color Lower Fascia, Body Color Rear Fascia, Body Color Sill Molding, Body Color Wheel Lip Molding, Bridgestone Brand Tires, Class IV Receiver Hitch, Delete Roof Rack, Dual Rear Exhaust w/Brig …","$39,499"
Black Metallic,Java,Four-wheel Drive,–,Gasoline,10-Speed Automatic,3.5L V6 24V PDI DOHC Twin Turbo,1FMJU1P86PEA32809,N32809,8 mi.,2023 Ford Expedition King Ranch,This 2023 Ford Expedition King Ranch will sell fast! 4-Wheel Drive. This Expedition has many valuable options! Leather seats. Bluetooth Connectivity. Sunroof. Panoramic Sunroof. Satellite radio. Aux. Audio Input. -Auto Climate Control -Fog Lights -Security System -Parking Sensors -Garage Door Opener …,"$84,950"
Black Obsidian,Graphite,Four-wheel Drive,13–19,Gasoline,7-Speed Automatic,5.6L V8 32V GDI DOHC,JN8AZ2BEXM9272527,272527CA1,"31,384 mi.",2021 INFINITI QX80 SENSORY,"Priced below KBB Fair Purchase Price! Black Obsidian 2021 INFINITI QX80 Sensory 4D Sport Utility 4WD 7-Speed Automatic 5.6L V8 Front and rear parking sensors, Blind spot warning, Keyless start, Lane keep assist, 360 view camera w/MOD, 3rd row seats: split-bench, A/V remote, Adaptive Cruise Control, …","$53,890"
Iridescent Pearl Tricoat,Jet Black,All-wheel Drive,–,Gasoline,9-Speed Automatic,1.3L I3 12V GDI DOHC Turbo,KL79MUSL2PB092959,C092959,2 mi.,2023 Chevrolet Trailblazer RS,BEST DEALS @ SPRUCE PINE CHEVROLET BUICK GMC! CONFIDENCE II PKG CONVENIENCE PKG PREFERRED EQUIPMENT GROUP 1RS SUN & LIFTGATE PKG TECHNOLOGY PKG BOSE PREMIUM 7-SPEAKER AUDIO SYSTEM FEATURE DUAL-PANE PANORAMIC POWER SUNROOF LANE KEEP ASSIST W/ LANE DEPARTURE WARNING …,"$33,685"
CELESTITE,Black,All-wheel Drive,–,Gasoline,Automatic CVT,2.0L I4 16V PDI DOHC,7MUDAABG3NV002088,5N23430A,"10,974 mi.",2022 Toyota Corolla Cross XLE,"ALL WHEEL DRIVE, LEATHER INTERIOR, HEATED FRONT SEATS, BLUETOOTH, BACK-UP CAMERA, REMOTE KEYLESS ENTRY, LOW TIRE PRESSURE WARNING, CRUISE CONTROL, TRACTION CONTROL, ROOF RAILS, 18'' BLACK ALLOY WHEELS. Clean CARFAX. So close to new! This one is easy on gas! Excellent MPG with an estimated …","$31,777"
Chronos Gray Metallic,Okapi Brown,All-wheel Drive,–,Gasoline,Automatic,2.0L I4 16V GDI DOHC Turbo,WA1EABFY3P2111095,5175376,17 mi.,2023 Audi Q5 45 S line Premium Plus,"The best-selling car from Audi has been made even better and even more attractive. The optimized Q5 combines a sporty character with excellent everyday usability, and comes with a wide array of infotainment and assistance options. The new freestanding MMI touch display has acoustic feedback. Whether …","$57,640"
Infinite Black Metallic,Ebony,All-wheel Drive,20–25,Gasoline,8-Speed Automatic,2.0L I4 16V GDI DOHC Turbo,2LMPJ8J9XNBL01565,22L024,"28,546 mi.",2022 Lincoln Nautilus Standard,"2022 Infinite Black Metallic Clearcoat Lincoln Nautilus AWD Standard Equipped with: All-Weather Floor Liners w/Carpet Mats, Cargo Accessories & Mat Package, Connected Build-In Navigation, Durable Lightweight Rubber Cargo Mat, Equipment Group 100A, Power Tilt/Telescoping Steering Column w/Memory, Pre …","$48,235"
Red,Gray,Four-wheel Drive,16–21,Gasoline,6-Speed Automatic,5.0L V8 32V MPFI DOHC,1FTMF1EF7EFC75534,19458A,"91,000 mi.",2014 Ford F-150 STX,"5.0L V8 OHV 16V, STX 4WD REG CAB SHORT BOX, REMOTE START, VERY NICE TRUCK! CALL BRANDON TODAY TO SCHEDULE YOUR TEST DRIVE! HERE AT R21 - WE ARE EXTREMELY PROUD MAINTAINING OUR DIVERSE SELECTION OF TRUCKS & VEHICLES TO THE PUBLIC. ASK ABOUT THE ADVANTAGES OF OUR TRUCK FINANCING PROGRAM & NATIONWIDE E …","$17,995"
Silver,Black,Front-wheel Drive,26–36,Gasoline,6-Speed Automatic with Auto-Shift,2.0L I4 16V GDI DOHC,1FADP3K21EL115280,11081,"107,706 mi.",2014 Ford Focus SE,New Brakes!! Flex Fuel!!! Bletooth!!,"$8,495"
Aegean Blue Metallic,Black,Front-wheel Drive,30–36,Gasoline,Automatic CVT,1.5L I4 16V GDI DOHC Turbo,SHHFK7H45HU403584,HU403584,"66,328 mi.",2017 Honda Civic Sport,"NON SMOKER, PRICED BELOW THE MARKET, FRESH DETAIL, APPLE CAR PLAY / ANDROID AUTO, BACKUP CAMERA, ALLOY WHEELS, POWER WINDOWS, POWER LOCKS, FUEL EFFICIENT, PERFECT FIRST CAR, GREAT ON GAS, CALL BEFORE IT IS GONE, CHEAP PAYMENTS, WORKS WITH ALL CRE …","$19,619"
Blueprint,Black,All-wheel Drive,27–33,Gasoline,8-Speed Automatic,2.5L I4 16V PDI DOHC,2T3P1RFV5MW194982,PV2084,"56,972 mi.",2021 Toyota RAV4 XLE,"2021 RAV4 Toyota XLE Blueprint AWD, Black w/Fabric Seat Trim, 4-Wheel Disc Brakes, 6 Speakers, ABS brakes, AM/FM Stereo, Apple CarPlay/Android Auto, Auto High-beam Headlights, Automatic temperature control, Axle Ratio: 3.177, Brake assist, Delay-off headlights, Driver vanity mirror, Dual front impac …","$26,237"
Soul Red Crystal Metallic,Black,Rear-wheel Drive,–,Gasoline,6-Speed Manual,2.0L I4 16V GDI DOHC,JM1NDAD73P0552934,MWP0552934,5 mi.,2023 Mazda MX-5 Miata Grand Touring,"McDonald Mazda West in Lakewood, Colorado treats the needs of each individual customer with paramount concern. We know that you have high expectations, and as a car dealer we enjoy the challenge of meeting and exceeding those standards each and every time. Allow us to demonstrate our commitment to excellence!","$34,899"
Vik Black,Dark Green,All-wheel Drive,,Electric,1-Speed Automatic,Electric,KMTGE4S17PU003687,G23109,10 mi.,2023 Genesis Electrified G80 Electric,Vik Black 2023 Genesis Electrified G80 AWD 1-Speed Automatic Electric Motor Fresh Oil Change. 105/89 City/Highway MPG,"$81,625"
SSTL,Jet Black,Four-wheel Drive,16–22,Gasoline,8-Speed Automatic,3.6L V6 24V GDI DOHC,1GTG6FEN9M1223660,217157,0 mi.,2021 GMC Canyon AT4 w/Leather,"This GMC won't be on the lot long! This is an exceptional vehicle at an affordable price! The following features are included: leather upholstery, a power seat, and air conditioning. It features an automatic transmission, 4-wheel drive, and a refined 6 cylinder engine. We pride ourselves in consiste …","$43,330"
Dynamic Blue Metallic,Jet Black,Four-wheel Drive,–,Gasoline,Automatic,2.7L I4 16V GDI DOHC Turbo,1GTP6DEK5P1139432,236679,0 mi.,2023 GMC Canyon AT4,2023 GMC Canyon AT4 4WD.,"$51,650"
Orange,Jet Black,Rear-wheel Drive,–,Gasoline,8-Speed,6.2L V8 16V GDI OHV,1G1YC2D47P5129488,C230064,6 mi.,2023 Chevrolet Corvette Stingray w/3LT,"ABS brakes, Alloy wheels, Compass, Custom Leather Wrapped Interior Package, Electronic Stability Control, Front dual zone A/C, Heated door mirrors, Heated front seats, Illuminated entry, Low tire pressure warning, Navigation System, Power-Adjustable Outside Heated Mirrors, Remote keyless entry, Tech …","$88,530"
Sunset Orange Metallic,Black,All-wheel Drive,25–34,Gasoline,8-Speed Automatic,2.0L I4 16V GDI DOHC Turbo,3MW5R7J02N8C60574,BP6161,"23,099 mi.",2022 BMW 330 i xDrive,"Sunset Orange Metallic 2022 BMW 3 Series 330i xDrive 2.0L 4-Cylinder DOHC 16V Turbocharged 8-Speed Automatic Sport AWDCARFAX One-Owner. Clean CARFAX. Priced below KBB Fair Purchase Price! 25/34 City/Highway MPGAWD, Active Blind Spot Detection, Active Driving Assistant, AM/FM radio: SiriusXM with 360 …","$40,995"
Silver,Charcoal,Four-wheel Drive,17–22,Gasoline,5-Speed Automatic,4.0L V6 24V MPFI DOHC,JTEBU5JR7B5038799,64184864,"139,882 mi.",2011 Toyota 4Runner SR5,Check out this 2011 Toyota 4-Runner. This car is mechanically sound it runs and drives great with no issues. The exterior is in great shape well kept and maintained. The interior is extra clean and in great condition. This vehicle is a hot item they don't last long. It offers power windows door lock …,"$17,999"
Silver Spruce Metallic,Stone,Front-wheel Drive,21–29,Gasoline,4-Speed Automatic,3.0L V6 24V MPFI DOHC,4T1BF28B94U377221,377221K,"228,136 mi.",2004 Toyota Avalon XLS,"We offer Market Based Pricing so please call to check on the availability of this vehicle. We will buy your vehicle even if you don't buy ours. Clean CARFAX. CLEAN CARFAX, FULLY SERVICED BY A FACTORY TRAINED TECHNICIAN, ILLUMINATED ENTRY, LIKE NEW CONDITION, LOCAL TRADE IN, LOW MILES, …","$4,999"
designo Diamond White Metallic,Beige,All-wheel Drive,23–30,Gasoline,9-Speed Automatic,3.0L I6 24V GDI DOHC Turbo,W1K1J5KB4MF168374,K7268,"21,422 mi.",2021 Mercedes-Benz E-Class E 450 4MATIC,2021 Mercedes-Benz E-Class E 450 4MATICClean Carfax1 Owner10K+ in Options!!!AMG Line PackageDriver Assistance PackageWarmth & Comfort PackageHeated & Cooled Front Seats20inch WheelsRear View CameraBurmester Sound SystemBeautiful Color Combo Designo Diamond White Metallic on Macchiato Beige …,"$57,985"
Himalayan Gray,Black,All-wheel Drive,–,Gasoline,8-Speed Automatic,2.5L I4 16V PDI DOHC Turbo,KMUHBDSB6PU103412,M22468A,"14,378 mi.",2023 Genesis GV80 2.5T,ACCIDENT FREE CAR FAX ONE OWNER BALANCE OF FACTORY WARRANTY LOCAL TRADE AWD BLUETOOTH BACK UP CAMERA LEATHER SEATS NAVIGATION PANORAMIC SUNROOF BLIND SPOT HEATED SEATS VENTILATED SEATS HEATED STEERING WHEEL APPLE CARPLAY ANDROID AUTO …,"$57,375"
Daytona Gray Pearl Effect,Rotor Gray,All-wheel Drive,19–24,Gasoline,8-Speed Automatic,3.0L V6 24V GDI DOHC Turbo,WA1B4AFY1K2026012,PR3012,"34,312 mi.",2019 Audi SQ5 3.0T Premium Plus,"2019 SQ5 Audi Premium Plus quattro Daytona Gray Pearl Effect 10 Speakers, 3.204 Axle Ratio, 4-Wheel Disc Brakes, ABS brakes, Audi Advanced Key, Audi Connect PRIME & PLUS, Audi Phone Box, Audi Pre-Sense Rear, Audi Side Assist, Audi Virtual Cockpit, Auto-Dimming Power Folding Exterior Mirrors, Automat …","$42,647"
Black,Charcoal,All-wheel Drive,–,Gasoline,Automatic CVT,1.5L I3 12V GDI DOHC Turbo,JN8BT3BB6PW459416,25R9173,"2,128 mi.",2023 Nissan Rogue SV,AS CLOSE TO NEW AS YOU WILL FIND - NISSAN CERTIFIED - AWD - APPLE CARPLAY - ANDROID AUTO - BACK UP CAMERA - BLUETOOTH - PUSH BUTTON START - REMOTE START - PRO PILOT DRIVING ASSIST - 8 COLOR TOUCHSCREEN DISPLAY - USB PORT - BLUETOOTH STREAMING AUDIO - SIRIUS XM SATELLITE RADIO - WIFI HOTSPOT - DUAL Z …,"$29,840"
Gray Metallic,Macchiato,All-wheel Drive,19–24,Gasoline,9-Speed Automatic,3.0L I6 24V GDI DOHC Turbo,4JGFB5KB9LA109843,PV2256,"37,026 mi.",2020 Mercedes-Benz GLE 450 AWD 4MATIC,"CARFAX One-Owner. Priced below KBB Fair Purchase Price!2020 Mercedes-Benz GLE 450 4MATIC 3.0L I6 Turbo 9-Speed Automatic 4MATIC 19/24 City/Highway MPG4-Way Lumbar Support, 8 Speakers, Aerial for GPS, Android Auto, Apple CarPlay, Apple CarPlay/Android Auto, eCall Emergency System, HD Radio, Heated do …","$51,299"
–,–,Front-wheel Drive,22–31,Gasoline,10-Speed Automatic,2.0L I4 16V GDI DOHC Turbo,19UUB5F44MA004685,P203579A,"26,315 mi.",2021 Acura TLX Technology,MINIMUM OF 3 MONTH/ 3000 MILE POWERTRAIN WARRANTY ON EVERY PRE-OWNED VEHICLE. Clean CARFAX. 22/31 City/Highway MPG,"$34,592"
Celestial Silver Metallic,Ash,Front-wheel Drive,–,Hybrid,Automatic CVT,2.5L I4 16V PDI DOHC Hybrid,4T1F31AK9PU053835,PU053835,1 mi.,2023 Toyota Camry Hybrid XLE,PLEASE SHOW PRIOR TO NEGOTIATION TO RECEIVE ADVERTISED PRICE. PLEASE CONTACT TOYOTA OF SANTA FE TO CONFIRM PRICE AND DETAILS ON THIS VEHICLE. Variable New 2023 Toyota Camry LE FWD stock # PU053835 has Celestial Silver Metallic exterior with a Gray and Leather upholstery. This New Mexico Sedan has 4 …,"$39,050"
Oxford White,Medium Earth Gray,Four-wheel Drive,–,Diesel,10-Speed Automatic,6.7L V8 32V DDI OHV Turbo Diesel,1FT7W2BT6MED04247,E1341,"85,424 mi.",2021 Ford F-250 XLT,"Safety Inspected, Fully detailed, Backup Camera, Bluetooth, 4WD, 110V/400W Outlet, 200 Amp Alternator, 3.31 Axle Ratio, 4-Wheel Disc Brakes, 7 Speakers, ABS brakes, Air Conditioning, Alloy wheels, AM/FM radio: SiriusXM, AppLink/Apple CarPlay and Android Auto, Auto High-beam Headlights, Brake assist, …","$51,142"
Black,Beige,All-wheel Drive,18–24,Gasoline,5-Speed Automatic,3.3L V6 24V MPFI DOHC,JTEEP21A360147759,147759,"156,412 mi.",2006 Toyota Highlander Limited,"2006 TOYOTA HIGHLANDER LIMITED AWD ALL OPTIONS CLEAN CARFAX REPORT! AUTOMATIC TRANSMISSION! LEATHER SEATS, HEATED SEATS! JBL SOUND. SUNROOF! 3 ROW SEATS. AUX!! WELL MAINTAINED!! REGULAR OIL CHANGES!! GREAT VALUE, CALL TODAY AT 508-507-9227 PLEASE VISIT OUR WEBSITE AT WWW.EXPRESSMA.COM FOR MORE INFOR …","$8,995"
True Blue Pearlcoat,Dark Slate Gray,Front-wheel Drive,23–30,Gasoline,Automatic CVT,2.0L I4 16V MPFI DOHC,1C4NJPFA8ED681925,C3612A,"137,550 mi.",2014 Jeep Patriot High Altitude,"Own this Patriot for under $8000. Family owned dealer, serving the Detroit market for over 50 Years. We take pride in treating all of our customers like family. NEW BRAKES, Fully Serviced & Ready To Go, Dark Slate Gray w/Leather Trimmed Bucket Seats, 17 x 6.5 Aluminum Wheels, 4 Speakers, 4.12 Axle …","$8,495"
Oxford White,Medium Earth Gray,Four-wheel Drive,–,Diesel,10-Speed Automatic,6.7L V8 32V DDI OHV Turbo Diesel,1FT7W2BT9NEE21435,PL28471,"35,827 mi.",2022 Ford F-250 XLT,"ONE OWNER, ALLOY WHEELS, 4 X 4 , CLEAN CAR FAX , BLUE TOOTH , BACKUP CAMERA , CPO FORD CERTIFIED PREOWNED. CARFAX One-Owner. Clean CARFAX. Certified. Ford Gold Certified Details: Vehicle History 172 Point Inspection Limited Warranty: 12 Month/12,000 Mile (whichever …","$58,999"
White,Gray,All-wheel Drive,–,Hybrid,Automatic,1.6L I4 16V GDI DOHC Turbo Hybrid,KM8JBCA1XPU121771,78595,0 mi.,2023 Hyundai Tucson Hybrid Blue,Serenity White 2023 Hyundai Tucson Hybrid Blue In-Transit AWD 6-Speed Automatic I4 I4.Recent Arrival! 38/38 City/Highway MPGLUTHER BLOOMINGTON HYUNDAI is the market leader by providing a SUPERIOR CUSTOMER SERVICE experience as well as a SUPERIOR BENEFITS PACKAGE. THE LUTHER ADVANTAGE offers warranty …,"$33,815"
Carbonized Gray Metallic,Ebony,Four-wheel Drive,–,Gasoline,Automatic,2.3L I4 16V GDI DOHC Turbo,1FTER4FHXPLE20468,23LT50,1 mi.,2023 Ford Ranger Lariat,"AVAILABLE FOR IMMEDIATE DELIVERY 2.3L ECOBOOST, LARIAT, 4WD, HEATED SEATS, BRAKE ASSIST, HEATED MIRRORS, AUTOMATIC HIGHBEAMS, BLUETOOTH CAPABLE, WIFI HOTSPOT, KEYLESS ENTRY AND START, FRONT COLLISION MITIGATION, BLIND SPOT MONITOR, CROSS TRAFFIC ALERT, LANE DEPARTURE WARNING, LANE KEEPING ASSIST, …","$46,840"
Ostuni Pearl White,Perlino,All-wheel Drive,–,Gasoline,Automatic,4.4L V8 32V GDI DOHC Twin Turbo,SALKP9E71PA061031,62681,12 mi.,2023 Land Rover Range Rover P530 SE SWB,"CALL OR TEXT THE GENERAL MANAGER, MICHAL NIEZBECKI, DIRECTLY AT 727-452-7070. WE SELL, REGISTER AND DELIVER TO THE ENTIRE U.S. All prices plus sales tax, tag and titling, and dealer service fee of $999.00, which represents cost and profits to the selling dealer for items such as cleaning, inspecting …","$175,470"
